<?xml version="1.0" encoding="UTF-8"?><?xml-stylesheet type='text/xsl' href='_UpgradeReport_Files/UpgradeReport.xslt'?><UpgradeLog>
<Properties><Property Name="Solution" Value="Vet_Mat">
</Property><Property Name="Solution File" Value="C:\Documents and Settings\Sirlei ISI\Meus documentos\Meus Arquivos\Semestres\2008_2\IBGEN\LaboratorioProgramacaoII\Vet_Mat\Vet_Mat.sln">
</Property><Property Name="User Options File" Value="C:\Documents and Settings\Sirlei ISI\Meus documentos\Meus Arquivos\Semestres\2008_2\IBGEN\LaboratorioProgramacaoII\Vet_Mat\Vet_Mat.suo">
</Property><Property Name="Date" Value="sexta-feira, 25 de setembro de 2009">
</Property><Property Name="Time" Value="16:33">
</Property></Properties><Event ErrorLevel="0" Project="" Source="Vet_Mat.sln" Description="File successfully backed up as C:\Documents and Settings\Sirlei ISI\Meus documentos\Meus Arquivos\Semestres\2008_2\IBGEN\LaboratorioProgramacaoII\Vet_Mat\Backup\Vet_Mat.sln">
</Event><Event ErrorLevel="0" Project="" Source="Vet_Mat.suo" Description="File successfully backed up as C:\Documents and Settings\Sirlei ISI\Meus documentos\Meus Arquivos\Semestres\2008_2\IBGEN\LaboratorioProgramacaoII\Vet_Mat\Backup\Vet_Mat.suo">
</Event><Event ErrorLevel="0" Project="Vet_Mat" Source="Vet_Mat\Vet_Mat.csproj" Description="Project file successfully backed up as C:\Documents and Settings\Sirlei ISI\Meus documentos\Meus Arquivos\Semestres\2008_2\IBGEN\LaboratorioProgramacaoII\Vet_Mat\Backup\Vet_Mat\Vet_Mat.csproj">
</Event><Event ErrorLevel="0" Project="Vet_Mat" Source="Vet_Mat\Form1.cs" Description="File successfully backed up as C:\Documents and Settings\Sirlei ISI\Meus documentos\Meus Arquivos\Semestres\2008_2\IBGEN\LaboratorioProgramacaoII\Vet_Mat\Backup\Vet_Mat\Form1.cs">
</Event><Event ErrorLevel="0" Project="Vet_Mat" Source="Vet_Mat\Form1.Designer.cs" Description="File successfully backed up as C:\Documents and Settings\Sirlei ISI\Meus documentos\Meus Arquivos\Semestres\2008_2\IBGEN\LaboratorioProgramacaoII\Vet_Mat\Backup\Vet_Mat\Form1.Designer.cs">
</Event><Event ErrorLevel="0" Project="Vet_Mat" Source="Vet_Mat\Form2.cs" Description="File successfully backed up as C:\Documents and Settings\Sirlei ISI\Meus documentos\Meus Arquivos\Semestres\2008_2\IBGEN\LaboratorioProgramacaoII\Vet_Mat\Backup\Vet_Mat\Form2.cs">
</Event><Event ErrorLevel="0" Project="Vet_Mat" Source="Vet_Mat\Form2.Designer.cs" Description="File successfully backed up as C:\Documents and Settings\Sirlei ISI\Meus documentos\Meus Arquivos\Semestres\2008_2\IBGEN\LaboratorioProgramacaoII\Vet_Mat\Backup\Vet_Mat\Form2.Designer.cs">
</Event><Event ErrorLevel="0" Project="Vet_Mat" Source="Vet_Mat\Form3.cs" Description="File successfully backed up as C:\Documents and Settings\Sirlei ISI\Meus documentos\Meus Arquivos\Semestres\2008_2\IBGEN\LaboratorioProgramacaoII\Vet_Mat\Backup\Vet_Mat\Form3.cs">
</Event><Event ErrorLevel="0" Project="Vet_Mat" Source="Vet_Mat\Form3.Designer.cs" Description="File successfully backed up as C:\Documents and Settings\Sirlei ISI\Meus documentos\Meus Arquivos\Semestres\2008_2\IBGEN\LaboratorioProgramacaoII\Vet_Mat\Backup\Vet_Mat\Form3.Designer.cs">
</Event><Event ErrorLevel="0" Project="Vet_Mat" Source="Vet_Mat\Form4.cs" Description="File successfully backed up as C:\Documents and Settings\Sirlei ISI\Meus documentos\Meus Arquivos\Semestres\2008_2\IBGEN\LaboratorioProgramacaoII\Vet_Mat\Backup\Vet_Mat\Form4.cs">
</Event><Event ErrorLevel="0" Project="Vet_Mat" Source="Vet_Mat\Form4.Designer.cs" Description="File successfully backed up as C:\Documents and Settings\Sirlei ISI\Meus documentos\Meus Arquivos\Semestres\2008_2\IBGEN\LaboratorioProgramacaoII\Vet_Mat\Backup\Vet_Mat\Form4.Designer.cs">
</Event><Event ErrorLevel="0" Project="Vet_Mat" Source="Vet_Mat\Form5.cs" Description="File successfully backed up as C:\Documents and Settings\Sirlei ISI\Meus documentos\Meus Arquivos\Semestres\2008_2\IBGEN\LaboratorioProgramacaoII\Vet_Mat\Backup\Vet_Mat\Form5.cs">
</Event><Event ErrorLevel="0" Project="Vet_Mat" Source="Vet_Mat\Form5.Designer.cs" Description="File successfully backed up as C:\Documents and Settings\Sirlei ISI\Meus documentos\Meus Arquivos\Semestres\2008_2\IBGEN\LaboratorioProgramacaoII\Vet_Mat\Backup\Vet_Mat\Form5.Designer.cs">
</Event><Event ErrorLevel="0" Project="Vet_Mat" Source="Vet_Mat\Form6.cs" Description="File successfully backed up as C:\Documents and Settings\Sirlei ISI\Meus documentos\Meus Arquivos\Semestres\2008_2\IBGEN\LaboratorioProgramacaoII\Vet_Mat\Backup\Vet_Mat\Form6.cs">
</Event><Event ErrorLevel="0" Project="Vet_Mat" Source="Vet_Mat\Form6.Designer.cs" Description="File successfully backed up as C:\Documents and Settings\Sirlei ISI\Meus documentos\Meus Arquivos\Semestres\2008_2\IBGEN\LaboratorioProgramacaoII\Vet_Mat\Backup\Vet_Mat\Form6.Designer.cs">
</Event><Event ErrorLevel="0" Project="Vet_Mat" Source="Vet_Mat\Form7.cs" Description="File successfully backed up as C:\Documents and Settings\Sirlei ISI\Meus documentos\Meus Arquivos\Semestres\2008_2\IBGEN\LaboratorioProgramacaoII\Vet_Mat\Backup\Vet_Mat\Form7.cs">
</Event><Event ErrorLevel="0" Project="Vet_Mat" Source="Vet_Mat\Form7.Designer.cs" Description="File successfully backed up as C:\Documents and Settings\Sirlei ISI\Meus documentos\Meus Arquivos\Semestres\2008_2\IBGEN\LaboratorioProgramacaoII\Vet_Mat\Backup\Vet_Mat\Form7.Designer.cs">
</Event><Event ErrorLevel="0" Project="Vet_Mat" Source="Vet_Mat\Program.cs" Description="File successfully backed up as C:\Documents and Settings\Sirlei ISI\Meus documentos\Meus Arquivos\Semestres\2008_2\IBGEN\LaboratorioProgramacaoII\Vet_Mat\Backup\Vet_Mat\Program.cs">
</Event><Event ErrorLevel="0" Project="Vet_Mat" Source="Vet_Mat\Properties\AssemblyInfo.cs" Description="File successfully backed up as C:\Documents and Settings\Sirlei ISI\Meus documentos\Meus Arquivos\Semestres\2008_2\IBGEN\LaboratorioProgramacaoII\Vet_Mat\Backup\Vet_Mat\Properties\AssemblyInfo.cs">
</Event><Event ErrorLevel="0" Project="Vet_Mat" Source="Vet_Mat\Properties\Resources.Designer.cs" Description="File successfully backed up as C:\Documents and Settings\Sirlei ISI\Meus documentos\Meus Arquivos\Semestres\2008_2\IBGEN\LaboratorioProgramacaoII\Vet_Mat\Backup\Vet_Mat\Properties\Resources.Designer.cs">
</Event><Event ErrorLevel="0" Project="Vet_Mat" Source="Vet_Mat\Properties\Settings.Designer.cs" Description="File successfully backed up as C:\Documents and Settings\Sirlei ISI\Meus documentos\Meus Arquivos\Semestres\2008_2\IBGEN\LaboratorioProgramacaoII\Vet_Mat\Backup\Vet_Mat\Properties\Settings.Designer.cs">
</Event><Event ErrorLevel="0" Project="Vet_Mat" Source="Vet_Mat\Properties\Settings.settings" Description="File successfully backed up as C:\Documents and Settings\Sirlei ISI\Meus documentos\Meus Arquivos\Semestres\2008_2\IBGEN\LaboratorioProgramacaoII\Vet_Mat\Backup\Vet_Mat\Properties\Settings.settings">
</Event><Event ErrorLevel="0" Project="Vet_Mat" Source="Vet_Mat\Form1.resx" Description="File successfully backed up as C:\Documents and Settings\Sirlei ISI\Meus documentos\Meus Arquivos\Semestres\2008_2\IBGEN\LaboratorioProgramacaoII\Vet_Mat\Backup\Vet_Mat\Form1.resx">
</Event><Event ErrorLevel="0" Project="Vet_Mat" Source="Vet_Mat\Form2.resx" Description="File successfully backed up as C:\Documents and Settings\Sirlei ISI\Meus documentos\Meus Arquivos\Semestres\2008_2\IBGEN\LaboratorioProgramacaoII\Vet_Mat\Backup\Vet_Mat\Form2.resx">
</Event><Event ErrorLevel="0" Project="Vet_Mat" Source="Vet_Mat\Form3.resx" Description="File successfully backed up as C:\Documents and Settings\Sirlei ISI\Meus documentos\Meus Arquivos\Semestres\2008_2\IBGEN\LaboratorioProgramacaoII\Vet_Mat\Backup\Vet_Mat\Form3.resx">
</Event><Event ErrorLevel="0" Project="Vet_Mat" Source="Vet_Mat\Form4.resx" Description="File successfully backed up as C:\Documents and Settings\Sirlei ISI\Meus documentos\Meus Arquivos\Semestres\2008_2\IBGEN\LaboratorioProgramacaoII\Vet_Mat\Backup\Vet_Mat\Form4.resx">
</Event><Event ErrorLevel="0" Project="Vet_Mat" Source="Vet_Mat\Form5.resx" Description="File successfully backed up as C:\Documents and Settings\Sirlei ISI\Meus documentos\Meus Arquivos\Semestres\2008_2\IBGEN\LaboratorioProgramacaoII\Vet_Mat\Backup\Vet_Mat\Form5.resx">
</Event><Event ErrorLevel="0" Project="Vet_Mat" Source="Vet_Mat\Form6.resx" Description="File successfully backed up as C:\Documents and Settings\Sirlei ISI\Meus documentos\Meus Arquivos\Semestres\2008_2\IBGEN\LaboratorioProgramacaoII\Vet_Mat\Backup\Vet_Mat\Form6.resx">
</Event><Event ErrorLevel="0" Project="Vet_Mat" Source="Vet_Mat\Form7.resx" Description="File successfully backed up as C:\Documents and Settings\Sirlei ISI\Meus documentos\Meus Arquivos\Semestres\2008_2\IBGEN\LaboratorioProgramacaoII\Vet_Mat\Backup\Vet_Mat\Form7.resx">
</Event><Event ErrorLevel="0" Project="Vet_Mat" Source="Vet_Mat\Properties\Resources.resx" Description="File successfully backed up as C:\Documents and Settings\Sirlei ISI\Meus documentos\Meus Arquivos\Semestres\2008_2\IBGEN\LaboratorioProgramacaoII\Vet_Mat\Backup\Vet_Mat\Properties\Resources.resx">
</Event><Event ErrorLevel="0" Project="Vet_Mat" Source="Vet_Mat\Vet_Mat.csproj" Description="Project converted successfully">
</Event><Event ErrorLevel="3" Project="Vet_Mat" Source="Vet_Mat\Vet_Mat.csproj" Description="Converted">
</Event><Event ErrorLevel="0" Project="" Source="Vet_Mat.sln" Description="Solution converted successfully">
</Event><Event ErrorLevel="3" Project="" Source="Vet_Mat.sln" Description="Converted">
</Event><Event ErrorLevel="0" Project="Vet_Mat" Source="Vet_Mat\Vet_Mat.csproj" Description="Scan complete: Upgrade not required for project files.">
</Event></UpgradeLog>